<DriverInfo>
	<ProductInfo>
		<Name>Adobe Photoshop 2022</Name>
		<SAPCode>PHSP</SAPCode>
		<CodexVersion>23.4.1</CodexVersion>
		<Platform>win64</Platform>
		<EsdDirectory>./PHSP</EsdDirectory>
		<Dependencies>
			<Dependency>
				<SAPCode>ACAI</SAPCode>
				<BaseVersion>0.2.0</BaseVersion>
				<EsdDirectory>./ACAI</EsdDirectory>
			</Dependency>
			<Dependency>
				<SAPCode>ACR</SAPCode>
				<BaseVersion>9.6</BaseVersion>
				<EsdDirectory>./ACR</EsdDirectory>
			</Dependency>
			<Dependency>
				<SAPCode>CCXP</SAPCode>
				<BaseVersion>2.2.1</BaseVersion>
				<EsdDirectory>./CCXP</EsdDirectory>
			</Dependency>
			<Dependency>
				<SAPCode>COCM</SAPCode>
				<BaseVersion>1.0</BaseVersion>
				<EsdDirectory>./COCM</EsdDirectory>
			</Dependency>
			<Dependency>
				<SAPCode>CORG</SAPCode>
				<BaseVersion>1.0</BaseVersion>
				<EsdDirectory>./CORG</EsdDirectory>
			</Dependency>
			<Dependency>
				<SAPCode>COPS</SAPCode>
				<BaseVersion>1.0</BaseVersion>
				<EsdDirectory>./COPS</EsdDirectory>
			</Dependency>
			<Dependency>
				<SAPCode>CORE</SAPCode>
				<BaseVersion>1.0</BaseVersion>
				<EsdDirectory>./CORE</EsdDirectory>
			</Dependency>
			<Dependency>
				<SAPCode>COSY</SAPCode>
				<BaseVersion>2.4.1</BaseVersion>
				<EsdDirectory>./COSY</EsdDirectory>
			</Dependency>
			<Dependency>
				<SAPCode>LIBS</SAPCode>
				<BaseVersion>2.14.7</BaseVersion>
				<EsdDirectory>./LIBS</EsdDirectory>
			</Dependency>
			<Dependency>
				<SAPCode>UXPW</SAPCode>
				<BaseVersion>1.0.0</BaseVersion>
				<EsdDirectory>./UXPW</EsdDirectory>
			</Dependency>
		</Dependencies>
	</ProductInfo>
</DriverInfo>
